{"regular": [[0, 1, 2, 3, 4, 5, 6, 7, 8, 9, 10, 11, 12, 13, 14, 15, 16, 17, 18, 19, 20, 21, 22, 23, 24, 25, 26, 27, 28, 29, 30, 31, 32, 33, 34, 35, 36, 37, 38, 39, 40, 41, 42, 43, 44, 45, 46, 47], [0.014393195943735688, 0.5750736015701668, 0.1784429178933595, 0.16977428851815504, 0.030585541380438338, 0.009813542688910697, 0.003925417075564278, 0.003925417075564278, 0.0016355904481517827, 0.0008177952240758914, 0.0009813542688910696, 0.0008177952240758914, 0.0008177952240758914, 0.0008177952240758914, 0.0004906771344455348, 0.0006542361792607131, 0.00032711808963035657, 0.00032711808963035657, 0.00016355904481517829, 0.00016355904481517829, 0.0004906771344455348, 0.00016355904481517829, 0.00016355904481517829, 0.00016355904481517829, 0.00016355904481517829, 0.00016355904481517829, 0.00032711808963035657, 0.0004906771344455348, 0.00032711808963035657, 0.00016355904481517829, 0.00016355904481517829, 0.00016355904481517829, 0.00032711808963035657, 0.00032711808963035657, 0.00016355904481517829, 0.00016355904481517829, 0.00016355904481517829, 0.00032711808963035657, 0.00016355904481517829, 0.00016355904481517829, 0.00016355904481517829, 0.00016355904481517829, 0.00016355904481517829, 0.00016355904481517829, 0.00016355904481517829, 0.00016355904481517829, 0.00016355904481517829, 0.00016355904481517829]], "in": [[0, 1, 2, 3, 4, 5, 6, 7, 8, 9, 10, 11, 12, 13, 14, 15, 16, 17, 18, 19, 20, 21, 22, 23, 24, 25, 26, 27, 28, 29, 30], [0.16617598953222112, 0.7121360811252863, 0.06313379129865881, 0.02093555773634282, 0.019463526333006215, 0.007360157016683023, 0.0032711808963035655, 0.001144913313706248, 0.0009813542688910696, 0.00032711808963035657, 0.00032711808963035657, 0.0008177952240758914, 0.0004906771344455348, 0.00016355904481517829, 0.00016355904481517829, 0.00032711808963035657, 0.00016355904481517829, 0.00016355904481517829, 0.00016355904481517829, 0.00016355904481517829, 0.00032711808963035657, 0.00032711808963035657, 0.00016355904481517829, 0.00016355904481517829, 0.00016355904481517829, 0.00016355904481517829, 0.00016355904481517829, 0.00016355904481517829, 0.00016355904481517829, 0.00016355904481517829, 0.00016355904481517829]], "out": [[0, 1, 2, 3, 4, 5, 6, 7, 8, 9, 10, 11, 12, 13, 14, 15, 16, 17, 18, 19, 20, 21, 22, 23, 24, 25, 26, 27, 28, 29, 30, 31, 32, 33, 34, 35, 36], [0.6120379456983971, 0.12904808635917567, 0.24419365390906117, 0.003598298985933922, 0.0009813542688910696, 0.0004906771344455348, 0.001144913313706248, 0.0006542361792607131, 0.00016355904481517829, 0.0008177952240758914, 0.0008177952240758914, 0.0006542361792607131, 0.0004906771344455348, 0.00016355904481517829, 0.00016355904481517829, 0.00032711808963035657, 0.00016355904481517829, 0.00032711808963035657, 0.00016355904481517829, 0.00016355904481517829, 0.0004906771344455348, 0.00016355904481517829, 0.00016355904481517829, 0.00016355904481517829, 0.00032711808963035657, 0.00016355904481517829, 0.00016355904481517829, 0.00016355904481517829, 0.00016355904481517829, 0.00016355904481517829, 0.00032711808963035657, 0.00016355904481517829, 0.00016355904481517829, 0.00016355904481517829, 0.00016355904481517829, 0.00016355904481517829, 0.00016355904481517829]]}