{"bowtie": {"nodes": 17734, "ssc": 1540, "in": 4310, "out": 1220, "tubes": 215, "tendrils": 5629, "fringe": 2976, "disconnected": 1844}, "stats": {"clustering": 0.06306140082735519, "assortativity": -0.15698100762914483}, "bowtie_random": {"nodes": 17734, "ssc": 40, "in": 3283, "out": 403, "tubes": 874, "tendrils": 6778, "fringe": 3002, "disconnected": 3354}, "stats_random": {"clustering": 0.0017334326277212097, "assortativity": 0.595090545706674}}