{
    "bowtie": {
        "nodes": 63238,
        "ssc": 10892,
        "in": 18492,
        "out": 16940,
        "tubes": 592,
        "tendrils": 11188,
        "fringe": 934,
        "disconnected": 4200
    },
    "stats": {
        "clustering": 0.032228096028120115,
        "assortativity": -0.10650009932235413
    },
    "bowtie_random": {
        "nodes": 63238,
        "ssc": 4780,
        "in": 8891,
        "out": 17605,
        "tubes": 3078,
        "tendrils": 16497,
        "fringe": 4740,
        "disconnected": 7647
    },
    "stats_random": {
        "clustering": 0.0005198919108141175,
        "assortativity": 0.7581638648573772
    }
}