{
    "bowtie": {
        "nodes": 6114,
        "ssc": 115,
        "in": 1062,
        "out": 202,
        "tubes": 65,
        "tendrils": 3211,
        "fringe": 357,
        "disconnected": 1102
    },
    "stats": {
        "clustering": 0.022650825882777986,
        "assortativity": -0.16678116863835296
    },
    "bowtie_random": {
        "nodes": 6114,
        "ssc": 2,
        "in": 8,
        "out": 1534,
        "tubes": 23,
        "tendrils": 707,
        "fringe": 1665,
        "disconnected": 2175
    },
    "stats_random": {
        "clustering": 0.008327464087062551,
        "assortativity": 0.29566405548478586
    }
}