{
    "bowtie": {
        "nodes": 63238,
        "ssc": 10892,
        "in": 18492,
        "out": 16940,
        "tubes": 592,
        "tendrils": 11188,
        "fringe": 934,
        "disconnected": 4200
    },
    "stats": {
        "clustering": 0.032228096028120115,
        "assortativity": -0.10650009932235413
    },
    "bowtie_random": {
        "nodes": 63238,
        "ssc": 4853,
        "in": 9053,
        "out": 17603,
        "tubes": 3101,
        "tendrils": 16396,
        "fringe": 4615,
        "disconnected": 7617
    },
    "stats_random": {
        "clustering": 0.0004416271038327788,
        "assortativity": 0.7634735727526653
    }
}