{
    "bowtie": {
        "nodes": 6114,
        "ssc": 115,
        "in": 1062,
        "out": 202,
        "tubes": 65,
        "tendrils": 3211,
        "fringe": 357,
        "disconnected": 1102
    },
    "stats": {
        "clustering": 0.022650825882777986,
        "assortativity": -0.16678116863835296
    },
    "bowtie_random": {
        "nodes": 6114,
        "ssc": 8,
        "in": 16,
        "out": 1625,
        "tubes": 26,
        "tendrils": 817,
        "fringe": 1607,
        "disconnected": 2015
    },
    "stats_random": {
        "clustering": 0.008526413753088912,
        "assortativity": 0.29160729478716324
    }
}