{"bowtie": {"nodes": 63238, "ssc": 10892, "in": 18492, "out": 16940, "tubes": 592, "tendrils": 11188, "fringe": 934, "disconnected": 4200}, "stats": {"clustering": 0.032228096028120115, "assortativity": -0.10650009932235413}, "bowtie_random": {"nodes": 63238, "ssc": 4725, "in": 8692, "out": 17889, "tubes": 3047, "tendrils": 16303, "fringe": 4889, "disconnected": 7693}, "stats_random": {"clustering": 0.0004730038657340208, "assortativity": 0.7626291949006584}}