{
    "bowtie": {
        "nodes": 17734,
        "ssc": 1540,
        "in": 4310,
        "out": 1220,
        "tubes": 215,
        "tendrils": 5629,
        "fringe": 2976,
        "disconnected": 1844
    },
    "stats": {
        "clustering": 0.06306140082735519,
        "assortativity": -0.15698100762914483
    },
    "bowtie_random": {
        "nodes": 17734,
        "ssc": 77,
        "in": 3359,
        "out": 499,
        "tubes": 859,
        "tendrils": 6799,
        "fringe": 2981,
        "disconnected": 3160
    },
    "stats_random": {
        "clustering": 0.0017196759766656953,
        "assortativity": 0.5785428712323066
    }
}