{
    "bowtie": {
        "nodes": 46458,
        "ssc": 11123,
        "in": 9314,
        "out": 8090,
        "tubes": 269,
        "tendrils": 14093,
        "fringe": 383,
        "disconnected": 3186
    },
    "stats": {
        "clustering": 0.03372742082826384,
        "assortativity": -0.11722016815476671
    },
    "bowtie_random": {
        "nodes": 46458,
        "ssc": 4416,
        "in": 3169,
        "out": 22852,
        "tubes": 1113,
        "tendrils": 7764,
        "fringe": 2336,
        "disconnected": 4808
    },
    "stats_random": {
        "clustering": 0.001281399579572495,
        "assortativity": 0.5983074287808654
    }
}