{"bowtie": {"nodes": 6114, "ssc": 115, "in": 1062, "out": 202, "tubes": 65, "tendrils": 3211, "fringe": 357, "disconnected": 1102}, "stats": {"clustering": 0.022650825882777986, "assortativity": -0.16678116863835296}, "bowtie_random": {"nodes": 6114, "ssc": 5273, "in": 0, "out": 0, "tubes": 0, "tendrils": 0, "fringe": 0, "disconnected": 841}, "stats_random": {"clustering": 0.03540258348711322, "assortativity": -0.15598713519033794}}