{"bowtie": {"nodes": 17734, "ssc": 1540, "in": 4310, "out": 1220, "tubes": 215, "tendrils": 5629, "fringe": 2976, "disconnected": 1844}, "stats": {"clustering": 0.06306140082735519, "assortativity": -0.15698100762914483}, "bowtie_random": {"nodes": 17734, "ssc": 16708, "in": 0, "out": 0, "tubes": 0, "tendrils": 0, "fringe": 0, "disconnected": 1026}, "stats_random": {"clustering": 0.030981290900131526, "assortativity": -0.1265570741214969}}