{"bowtie": {"nodes": 46458, "ssc": 11123, "in": 9314, "out": 8090, "tubes": 269, "tendrils": 14093, "fringe": 383, "disconnected": 3186}, "stats": {"clustering": 0.03372742082826384, "assortativity": -0.11722016815476671}, "bowtie_random": {"nodes": 46458, "ssc": 43534, "in": 0, "out": 0, "tubes": 0, "tendrils": 0, "fringe": 0, "disconnected": 2924}, "stats_random": {"clustering": 0.02707181339684465, "assortativity": -0.12019918512677198}}