{"bowtie": {"nodes": 63238, "ssc": 10892, "in": 18492, "out": 16940, "tubes": 592, "tendrils": 11188, "fringe": 934, "disconnected": 4200}, "stats": {"clustering": 0.032228096028120115, "assortativity": -0.10650009932235413}, "bowtie_random": {"nodes": 63238, "ssc": 59347, "in": 0, "out": 0, "tubes": 0, "tendrils": 0, "fringe": 0, "disconnected": 3891}, "stats_random": {"clustering": 0.02261165074711031, "assortativity": -0.09401428174930897}}