{"bowtie": {"nodes": 128463, "ssc": 30329, "in": 26746, "out": 41541, "tubes": 1725, "tendrils": 20031, "fringe": 2354, "disconnected": 5737}, "stats": {"clustering": 0.05000390309388562, "assortativity": -0.10823466823348696}, "bowtie_random": {"nodes": 128463, "ssc": 121806, "in": 0, "out": 0, "tubes": 0, "tendrils": 0, "fringe": 0, "disconnected": 6657}, "stats_random": {"clustering": 0.04190486773597598, "assortativity": -0.102973679312172}}