{"bowtie": {"nodes": 209050, "ssc": 28479, "in": 47588, "out": 41522, "tubes": 5089, "tendrils": 56137, "fringe": 8636, "disconnected": 21599}, "stats": {"clustering": 0.03720362797279617, "assortativity": -0.07428035832488572}, "bowtie_random": {"nodes": 209050, "ssc": 193326, "in": 0, "out": 0, "tubes": 0, "tendrils": 0, "fringe": 0, "disconnected": 15724}, "stats_random": {"clustering": 0.021994239804388853, "assortativity": -0.07005409584472942}}