{"bowtie": {"nodes": 311452, "ssc": 48237, "in": 94540, "out": 46848, "tubes": 3312, "tendrils": 73057, "fringe": 10209, "disconnected": 35249}, "stats": {"clustering": 0.03870087146566693, "assortativity": -0.12903674398543868}, "bowtie_random": {"nodes": 311452, "ssc": 287507, "in": 0, "out": 0, "tubes": 0, "tendrils": 0, "fringe": 0, "disconnected": 23945}, "stats_random": {"clustering": 0.05270887349146004, "assortativity": -0.12575837996805753}}