{
    "bowtie": {
        "nodes": 6114,
        "ssc": 115,
        "in": 1062,
        "out": 202,
        "tubes": 65,
        "tendrils": 3211,
        "fringe": 357,
        "disconnected": 1102
    },
    "stats": {
        "clustering": 0.022650825882777986,
        "assortativity": -0.16678116863835296
    },
    "bowtie_random": {
        "nodes": 6114,
        "ssc": 4,
        "in": 10,
        "out": 1774,
        "tubes": 22,
        "tendrils": 910,
        "fringe": 1394,
        "disconnected": 2000
    },
    "stats_random": {
        "clustering": 0.008212970872353327,
        "assortativity": 0.26795569969246397
    }
}