{"bowtie": {"nodes": 46458, "ssc": 11123, "in": 9314, "out": 8090, "tubes": 269, "tendrils": 14093, "fringe": 383, "disconnected": 3186}, "stats": {"clustering": 0.03372742082826384, "assortativity": -0.11722016815476671}, "bowtie_random": {"nodes": 46458, "ssc": 4362, "in": 3193, "out": 22702, "tubes": 1188, "tendrils": 7680, "fringe": 2387, "disconnected": 4946}, "stats_random": {"clustering": 0.0012394396700181165, "assortativity": 0.602343150206962}}