{"bowtie": {"nodes": 63238, "ssc": 10892, "in": 18492, "out": 16940, "tubes": 592, "tendrils": 11188, "fringe": 934, "disconnected": 4200}, "stats": {"clustering": 0.032228096028120115, "assortativity": -0.10650009932235413}, "bowtie_random": {"nodes": 63238, "ssc": 5065, "in": 8837, "out": 18070, "tubes": 2978, "tendrils": 15987, "fringe": 4667, "disconnected": 7634}, "stats_random": {"clustering": 0.0004791373460646881, "assortativity": 0.7644793028064805}}