{"bowtie": {"nodes": 17734, "ssc": 1540, "in": 4310, "out": 1220, "tubes": 215, "tendrils": 5629, "fringe": 2976, "disconnected": 1844}, "stats": {"clustering": 0.06306140082735519, "assortativity": -0.15698100762914483}, "bowtie_random": {"nodes": 17734, "ssc": 144, "in": 3187, "out": 932, "tubes": 954, "tendrils": 6751, "fringe": 2831, "disconnected": 2935}, "stats_random": {"clustering": 0.001606532417779111, "assortativity": 0.5742519165953023}}