{"bowtie": {"nodes": 46458, "ssc": 11123, "in": 9314, "out": 8090, "tubes": 269, "tendrils": 14093, "fringe": 383, "disconnected": 3186}, "stats": {"clustering": 0.03372742082826384, "assortativity": -0.11722016815476671}, "bowtie_random": {"nodes": 46458, "ssc": 4193, "in": 3102, "out": 22562, "tubes": 1249, "tendrils": 8054, "fringe": 2431, "disconnected": 4867}, "stats_random": {"clustering": 0.0012446294166366923, "assortativity": 0.6048154288510899}}