{"bowtie": {"nodes": 17734, "ssc": 1540, "in": 4310, "out": 1220, "tubes": 215, "tendrils": 5629, "fringe": 2976, "disconnected": 1844}, "stats": {"clustering": 0.06306140082735519, "assortativity": -0.15698100762914483}, "bowtie_random": {"nodes": 17734, "ssc": 110, "in": 3223, "out": 633, "tubes": 834, "tendrils": 6869, "fringe": 3090, "disconnected": 2975}, "stats_random": {"clustering": 0.0016851939180724074, "assortativity": 0.5833423424713836}}