{"bowtie": {"nodes": 63238, "ssc": 10892, "in": 18492, "out": 16940, "tubes": 592, "tendrils": 11188, "fringe": 934, "disconnected": 4200}, "stats": {"clustering": 0.032228096028120115, "assortativity": -0.10650009932235413}, "bowtie_random": {"nodes": 63238, "ssc": 4716, "in": 9389, "out": 16745, "tubes": 3090, "tendrils": 17154, "fringe": 4563, "disconnected": 7581}, "stats_random": {"clustering": 0.0004608227839310866, "assortativity": 0.7674217582570727}}