{
    "bowtie": {
        "nodes": 6114,
        "ssc": 115,
        "in": 1062,
        "out": 202,
        "tubes": 65,
        "tendrils": 3211,
        "fringe": 357,
        "disconnected": 1102
    },
    "stats": {
        "clustering": 0.022650825882777986,
        "assortativity": -0.16678116863835296
    },
    "bowtie_random": {
        "nodes": 6114,
        "ssc": 11,
        "in": 19,
        "out": 1748,
        "tubes": 62,
        "tendrils": 1099,
        "fringe": 1231,
        "disconnected": 1944
    },
    "stats_random": {
        "clustering": 0.008659046344521044,
        "assortativity": 0.23646094744308627
    }
}