{
    "bowtie": {
        "nodes": 17734,
        "ssc": 1540,
        "in": 4310,
        "out": 1220,
        "tubes": 215,
        "tendrils": 5629,
        "fringe": 2976,
        "disconnected": 1844
    },
    "stats": {
        "clustering": 0.06306140082735519,
        "assortativity": -0.15698100762914483
    },
    "bowtie_random": {
        "nodes": 17734,
        "ssc": 166,
        "in": 3324,
        "out": 816,
        "tubes": 929,
        "tendrils": 6721,
        "fringe": 2714,
        "disconnected": 3064
    },
    "stats_random": {
        "clustering": 0.0016628214966331225,
        "assortativity": 0.5820053125263839
    }
}