{
    "bowtie": {
        "nodes": 46458,
        "ssc": 11123,
        "in": 9314,
        "out": 8090,
        "tubes": 269,
        "tendrils": 14093,
        "fringe": 383,
        "disconnected": 3186
    },
    "stats": {
        "clustering": 0.03372742082826384,
        "assortativity": -0.11722016815476671
    },
    "bowtie_random": {
        "nodes": 46458,
        "ssc": 4871,
        "in": 3309,
        "out": 22419,
        "tubes": 1069,
        "tendrils": 7393,
        "fringe": 2271,
        "disconnected": 5126
    },
    "stats_random": {
        "clustering": 0.0012300337067098126,
        "assortativity": 0.600887976984436
    }
}