{"bowtie": {"nodes": 46458, "ssc": 11123, "in": 9314, "out": 8090, "tubes": 269, "tendrils": 14093, "fringe": 383, "disconnected": 3186}, "stats": {"clustering": 0.03372742082826384, "assortativity": -0.11722016815476671}, "bowtie_random": {"nodes": 46458, "ssc": 4025, "in": 3038, "out": 22774, "tubes": 1299, "tendrils": 7948, "fringe": 2427, "disconnected": 4947}, "stats_random": {"clustering": 0.0012275028929874948, "assortativity": 0.603181635423606}}